id,num_origin,nu
G003061003000120,39.10881306,5
G003061003000210,56.99280401,6
G003061003000310,100,10
G003061003000220,50,10
G003061003000410,50,10
G003061003000520,99.47559387,10
G003061003000710,63.6821155,7
G003061003000820,98.83032866,10
G003061003001310,76.19793377,8
G003061003000610,116.2859294,12
G003061003000620,56.66575678,6
G003061003000910,111.5561897,12
G003061003000920,140.6147594,14
G003061003001010,59.8539563,6
G003061003001020,43.25142229,5
G003061003001120,46.02047801,5
G003061003001110,46.50420242,5
G003061003001220,40.53861584,5
G003061003001210,51.46049093,6
G003061003001410,464.2540226,46
G003061003001520,486.7607281,48
G003061003001620,46.60284071,5
G003061003001710,49.32162107,5
G003061003001720,50,10
G000561001000110,,10
G000561001000210,,10
G065E61004001320,100,100
G007061002001220,100,100
G351161003000520,100,100
G007061005001210,100,100
G003061001002010,100,100
G000561004000620,100,100
G008561003000710,100,100
S001561001000210,100,100
G004061001001020,100,100
G007061001001010,100,100
G000561004001020,100,100
G421361001000910,100,100
G065W61003000810,100,100
G065E61004000310,100,100
G030N61001002310,100,100
G065E61005000820,100,100
G008561004001010,100,100
G008561002000220,100,100
G006561003000120,100,100
G007061006002220,100,100
G221161002000720,100,100
G000561004000410,100,100
G008561001001020,100,100
G006561003000810,100,100
G030N61001001720,100,100
G701161002002810,100,100
G030N61001001920,100,100
G006961001000310,100,100
G701161002000510,100,100
S002861001000910,100,100
G701161002000720,100,100
G002261001002310,100,100
G004061001001320,100,100
G030N61001001320,100,100
G007061001000510,100,100
G701161001000520,100,100
G181261001000210,100,100
G002061001000210,100,100
G300161001000510,100,100
G701161002002020,100,100
G002261001000420,100,100
G006961001001320,100,100
G006561004000120,100,100
G006961001000810,100,100
G065W61002001210,100,100
G006561010000120,100,100
G006561006000710,100,100
G006561013000420,100,100
G002061003001020,100,100
G006561009001510,100,100
G065W61002000810,100,100
S000161001000610,100,100
G007061007000210,100,100
G351161002000820,100,100
G008561003001020,100,100
G065E61005001010,100,100
G065W61001001320,100,100
S002761001000610,100,100
G701161002003510,100,100
G007061006001820,100,100
G007061002001020,100,100
G006561008001420,100,100
G065E61006001210,100,100
G300161001002310,100,100
G007061004000120,100,100
G003061002000520,100,100
G004061002001520,100,100
G003061001001010,100,100
G221161001001920,100,100
G006961002000110,100,100
G701161002003610,100,100
G003061001001110,100,100
G421361001000720,100,100
G065W61001000510,100,100
G003061006000420,100,100
G007061002001010,100,100
G006561008002420,100,100
G065W61001001010,100,100
G003061003000320,100,100
G006561002000710,100,100
G030N61002000110,100,100
G004061002001420,100,100
G002261001000320,100,100
G008561004001020,100,100
G008561003000320,100,100
G008561002000310,100,100
G065W61002001010,100,100
G006561006001220,100,100
G006961001001020,100,100
G351161002000310,100,100
G003061003002110,100,100
G003061006001120,100,100
S001561001000110,100,100
G007061002001420,100,100
G065E61004000220,100,100
G351161002002020,100,100
G007061006001620,100,100
G181261001000510,100,100
G007061002000320,100,100
G065E61001000920,100,100
G007061006001520,100,100
G007061005001110,100,100
G181261003001220,100,100
G030N61001001620,100,100
G065E61005000920,100,100
G003061003000810,100,100
G002061001000810,100,100
G006961002000610,100,100
S002761001000420,100,100
G065W61001000320,100,100
G006561001001020,100,100
G007061002001410,100,100
G006561006001120,100,100
G006561002000820,100,100
G007061005000610,100,100
G006561006000310,100,100
G065E61001001110,100,100
G701161002000120,100,100
G300161001001820,100,100
G300161001002510,100,100
G421361001000410,100,100
G351161002000410,100,100
G065W61003001020,100,100
S002861001000720,100,100
G008561003000610,100,100
G006561007001120,100,100
G701161001002620,100,100
G007061002000520,100,100
G065E61006000320,100,100
G003061005000510,100,100
G221161002001110,100,100
G006561013000320,100,100
G002261001001110,100,100
G221161002000820,100,100
G008561002000820,100,100
G003061003001320,100,100
G002261001000820,100,100
G006961002000320,100,100
G002061002000720,100,100
G030N61002001820,100,100
G000561005000120,100,100
G003061006000820,100,100
S000161001000720,100,100
G006561003000220,100,100
G065W61001000920,100,100
G701161002002110,100,100
G030N61001002120,100,100
G701161002002220,100,100
G351161002001720,100,100
G007061006001920,100,100
S002761001000810,100,100
G000561004000210,100,100
G007061001000610,100,100
G221161001000420,100,100
G007061004000210,100,100
G002061002000710,100,100
G421361001000420,100,100
G003061001000620,100,100
S002161001000620,100,100
G006561001000620,100,100
G065W61001000910,100,100
G002261001000910,100,100
G006561002000220,100,100
G006561008000510,100,100
G003061001001520,100,100
G351161002001320,100,100
G002261001000920,100,100
G030N61002000120,100,100
S003061001000520,100,100
G300161001003220,100,100
G002061002000120,100,100
G691161001000820,100,100
S101561001000110,100,100
G701161001000410,100,100
G030N61001000210,100,100
G007061004000510,100,100
G181261003001120,100,100
G701161001002710,100,100
G007061005000920,100,100
G000561003000510,100,100
G701161002002420,100,100
G065W61001001720,100,100
G000561005000920,100,100
G030N61001000420,100,100
G000561002000710,100,100
G300161001000110,100,100
G701161001002110,100,100
G002061003000710,100,100
G006561009001020,100,100
G002061003000410,100,100
G701161002001620,100,100
G003061005000120,100,100
G300161001002120,100,100
G351161003000510,100,100
G065E61001000420,100,100
G065E61002000620,100,100
G006561006000920,100,100
G701161001002320,100,100
G002061001000920,100,100
G003061001000920,100,100
G000561003000420,100,100
G003061001000810,100,100
G065E61004000320,100,100
G008561003000920,100,100
G065E61003000610,100,100
G003061002000320,100,100
G065E61001001520,100,100
G006561005000110,100,100
G065W61003000920,100,100
G300161001001010,100,100
G000561005001510,100,100
G006561008000110,100,100
G030N61001001810,100,100
G691161001000910,100,100
G007061006001720,100,100
G701161002000410,100,100
G007061001000210,100,100
G007061002001110,100,100
G691161001000410,100,100
G006961002000310,100,100
G065W61001001410,100,100
G008561002001020,100,100
G007061002000710,100,100
G006561008001410,100,100
G065W61004000110,100,100
G000561005000610,100,100
G007061005000810,100,100
G351161002000810,100,100
G006561004000210,100,100
G701161001002610,100,100
G421361001000310,100,100
G003061003000420,100,100
G221161001001210,100,100
G000561004000320,100,100
S001561001000520,100,100
G065E61006001610,100,100
G008561003000120,100,100
S002861001000610,100,100
G006561013000820,100,100
G008561001000510,100,100
G004061001001010,100,100
G000561001001610,100,100
G003061002000220,100,100
S002861001000920,100,100
G300161001001220,100,100
G065E61001001220,100,100
G030N61001001910,100,100
G351161001000710,100,100
G065W61001000620,100,100
G006561005000810,100,100
G030N61001001520,100,100
G006561007000820,100,100
S002861001000820,100,100
G000561002000110,100,100
G221161001001020,100,100
G000561002000210,100,100
G065E61003000510,100,100
G006561011000820,100,100
G006561007001020,100,100
G008561001001010,100,100
G181261001000110,100,100
G003061001002110,100,100
G221161002000210,100,100
G006961001000110,100,100
G300161001001620,100,100
G065E61005000710,100,100
G003061001002210,100,100
S001561001000620,100,100
G181261003000210,100,100
S003261001001020,100,100
G006561006000720,100,100
G065E61006000810,100,100
G008561003000310,100,100
G065W61001001510,100,100
G701161002000210,100,100
G004061002001510,100,100
G701161001002720,100,100
G006561011000520,100,100
G003061007000120,100,100
G006561013000520,100,100
G221161002000710,100,100
G065E61004000810,100,100
G065E61005000810,100,100
G000561004000310,100,100
G300161001002810,100,100
G000561005000110,100,100
G421361001000810,100,100
G065W61002001120,100,100
G007061003000410,100,100
G351161002000710,100,100
G007061001000820,100,100
G003061001002020,100,100
G006561001000420,100,100
G007061001000620,100,100
G007061001001110,100,100
G006961001000620,100,100
G006561006000910,100,100
G065W61002000410,100,100
S002861001000710,100,100
G006561009001120,100,100
S002861001000620,100,100
G351161002000510,100,100
G008561002000620,100,100
G701161001002210,100,100
G002061001000420,100,100
G008561003000720,100,100
G006561005000620,100,100
G006561003000210,100,100
G065E61003000110,100,100
G701161001001110,100,100
S003261001000220,100,100
G004061002001720,100,100
G003061002000510,100,100
G006561012000120,100,100
G000561004000810,100,100
G030N61001000520,100,100
G003061006001320,100,100
S002861001000320,100,100
G691161001000210,100,100
G008561001000210,100,100
G300161001003320,100,100
S001561001000120,100,100
S002761001000720,100,100
G065E61002000510,100,100
G000561001001620,100,100
G002261001001810,100,100
G351161002001710,100,100
G006561001000720,100,100
G701161001002810,100,100
G002261001001610,100,100
G421361001000510,100,100
G003061001001320,100,100
G065W61003000410,100,100
G003061001001610,100,100
G000561001000720,100,100
G065W61003000420,100,100
G004061002001010,100,100
G000561003000710,100,100
G003061006000110,100,100
G004061002002020,100,100
G351161001000220,100,100
G006561001001010,100,100
G030N61001002520,100,100
G006561002000120,100,100
G007061006001510,100,100
G004061002000120,100,100
G002261001000220,100,100
G000561001000420,100,100
G000561006000210,100,100
G691161001000710,100,100
G701161001001320,100,100
G351161001000210,100,100
G065E61003000410,100,100
G003061001001820,100,100
S000161001000410,100,100
G003061001000520,100,100
G007061003000110,100,100
G002061003000610,100,100
G065E61006000410,100,100
G006561007000110,100,100
G006561013001320,100,100
G007061002000920,100,100
G065E61006000720,100,100
G065E61006000310,100,100
G000561001001020,100,100
G002061002000320,100,100
G300161001000820,100,100
G065W61002000210,100,100
G701161002001310,100,100
G221161001001510,100,100
G065E61006000420,100,100
G701161002002310,100,100
G006561005000210,100,100
G065W61002001410,100,100
G701161001002910,100,100
S003061001000220,100,100
G000561006000420,100,100
G065E61002000220,100,100
G300161001001420,100,100
G065E61001001410,100,100
G006961002000410,100,100
G003061005000620,100,100
G003061002000110,100,100
G007061002000210,100,100
G065W61001000210,100,100
G006561004000420,100,100
G691161001001020,100,100
G006561002001010,100,100
G003061006000910,100,100
G030N61002000220,100,100
G004061002000410,100,100
G065W61003001410,100,100
G065W61002000920,100,100
G006561009001420,100,100
G006561013001010,100,100
G008561001001420,100,100
G007061005000520,100,100
G065W61003001120,100,100
G000561004001120,100,100
S001561001000420,100,100
G006561007000520,100,100
G065E61003000210,100,100
G701161001002510,100,100
G002261001001320,100,100
G221161001001610,100,100
G006561008000210,100,100
G006961001001220,100,100
G351161002002320,100,100
G002061002000420,100,100
G007061006001410,100,100
G004061001001120,100,100
G002061002000620,100,100
G000561004001210,100,100
G065W61003000620,100,100
G006561009000810,100,100
G007061006002020,100,100
G006561009000710,100,100
G006561001000320,100,100
G006561013000110,100,100
G000561005000220,100,100
G007061006002110,100,100
G006561001000210,100,100
G181261001000910,100,100
S001461001000110,100,100
G006561009001320,100,100
G006561013000710,100,100
G006561013001110,100,100
G351161002001010,100,100
G000561005000720,100,100
G701161001000710,100,100
G065E61001001720,100,100
G065W61004000720,100,100
G351161003001320,100,100
G701161001000420,100,100
G003061005000310,100,100
G065E61001000220,100,100
G181261001001020,100,100
G006561009001620,100,100
S003261001000320,100,100
G008561002000510,100,100
G065E61001001210,100,100
G006561006001020,100,100
G003061001001020,100,100
G006561003001010,100,100
S001461001000120,100,100
G006561008000420,100,100
G030N61001001010,100,100
G007061006001810,100,100
G065W61003000510,100,100
G701161002001410,100,100
G351161002001120,100,100
G000561004000220,100,100
S002761001000520,100,100
G007061001000320,100,100
S002161001000210,100,100
G006561008000120,100,100
G007061005001120,100,100
G006561009001110,100,100
G006961002000120,100,100
G008561001000220,100,100
G000561001002320,100,100
G002061001000710,100,100
G006561004000720,100,100
G004061001000310,100,100
G351161001000510,100,100
G221161001001910,100,100
G003061003002410,100,100
G300161001003010,100,100
G300161001000120,100,100
G181261001000310,100,100
G181261001001010,100,100
G181261001000920,100,100
G181261003000520,100,100
G003061007000410,100,100
G002061003000720,100,100
G003061001000510,100,100
G000561004000820,100,100
G065E61006001310,100,100
G351161003001020,100,100
G000561005000420,100,100
G006561007000420,100,100
G421361001000110,100,100
G004061002001820,100,100
G007061003000220,100,100
G006561008002410,100,100
G006561011000610,100,100
G000561003000720,100,100
G701161001000510,100,100
G065E61001000510,100,100
G351161002000210,100,100
G065E61006000220,100,100
G701161001001420,100,100
G008561001000910,100,100
G351161002000420,100,100
G065E61005000720,100,100
G351161002002220,100,100
G701161002001010,100,100
G181261003000410,100,100
G065W61003000310,100,100
G000561001000920,100,100
G065E61001000820,100,100
G006961001000610,100,100
G002061003001310,100,100
G003061004000220,100,100
G004061001000520,100,100
G007061005000820,100,100
G701161001002410,100,100
G221161001000820,100,100
G003061001000220,100,100
G065W61003001520,100,100
G065W61001000310,100,100
G002261001000510,100,100
G006561002000920,100,100
G003061001002220,100,100
G065E61002000710,100,100
G008561004000210,100,100
G065W61004000810,100,100
S002761001000120,100,100
S001561001000720,100,100
G351161002001410,100,100
G008561003000520,100,100
G007061005000910,100,100
G008561004000120,100,100
G030N61001001510,100,100
G002061003000320,100,100
G007061002000110,100,100
G004061001000710,100,100
G002061001000410,100,100
G006961002000620,100,100
G003061001001620,100,100
G065E61004000820,100,100
G221161002000110,100,100
G006561003000620,100,100
G006561014000110,100,100
G006961001001810,100,100
G701161002003620,100,100
G006961001000510,100,100
G003061001001910,100,100
G002061003000120,100,100
G006561002000520,100,100
S003261001000310,100,100
G006561006000220,100,100
G421361001000520,100,100
S003061001000720,100,100
S003261001000110,100,100
G004061002000610,100,100
G065W61001000420,100,100
S000161001000420,100,100
G065E61001001620,100,100
S000161001000520,100,100
G006561006001410,100,100
G006961001001120,100,100
G006561001000610,100,100
G002061002001120,100,100
G065W61003000610,100,100
G351161001000610,100,100
G701161002002610,100,100
G691161001001220,100,100
G221161002000810,100,100
G006561007000320,100,100
G003061006001610,100,100
S003261001000510,100,100
S002761001000820,100,100
G691161001000320,100,100
S003061001000120,100,100
G004061002001610,100,100
G008561002000720,100,100
G065E61002000910,100,100
G000561005000520,100,100
G006961001001310,100,100
G701161001002820,100,100
G008561001001320,100,100
G006961001000410,100,100
G065E61006001120,100,100
G006561013000610,100,100
G003061005000610,100,100
G006561002000910,100,100
S002161001000610,100,100
G065E61004001420,100,100
G701161002000920,100,100
G006961001001720,100,100
S000161001000120,100,100
G002061001000110,100,100
G181261003001210,100,100
G007061005001410,100,100
G002061001000820,100,100
G002061002001010,100,100
G004061002000220,100,100
S003261001000610,100,100
G008561004000110,100,100
G003061001001920,100,100
G006561013000120,100,100
G000561001001320,100,100
G008561002000420,100,100
G008561003000420,100,100
G351161003000620,100,100
G065W61002000620,100,100
S001561001000320,100,100
G004061002001920,100,100
G003061005000110,100,100
G000561003000320,100,100
S002761001000510,100,100
G065E61001000720,100,100
G065W61001001120,100,100
G007061006001210,100,100
G701161002001210,100,100
G003061006001410,100,100
G065E61006000820,100,100
G003061001001310,100,100
G002061001000610,100,100
G000561005001110,100,100
G030N61001000510,100,100
G181261003000110,100,100
G221161002001020,100,100
G030N61001002010,100,100
G003061003002310,100,100
G006561006000820,100,100
G221161001001720,100,100
S002761001000310,100,100
G007061001000910,100,100
G065W61003001320,100,100
S101561001000220,100,100
G000561006000220,100,100
G006561006000320,100,100
G008561001000710,100,100
G065E61002001010,100,100
G006561005000520,100,100
G008561001000410,100,100
G003061001000110,100,100
G006561002000620,100,100
G000561002000410,100,100
G351161003001010,100,100
G300161001002420,100,100
G030N61001001610,100,100
G000561006000520,100,100
G008561002000710,100,100
G008561004000320,100,100
G003061007000420,100,100
S001561001000510,100,100
G300161001002920,100,100
S003261001000720,100,100
G007061001000710,100,100
G002261001001120,100,100
G065E61002000110,100,100
G691161001000310,100,100
G007061001000110,100,100
G008561002000120,100,100
G006561011000810,100,100
G065E61001001020,100,100
G351161002001920,100,100
S003061001001110,100,100
G065E61001000910,100,100
G003061002000410,100,100
G065E61001001420,100,100
G004061002000320,100,100
G221161001000510,100,100
S002761001000710,100,100
G003061001001210,100,100
G351161001000520,100,100
G003061006000310,100,100
G006561004000510,100,100
G065E61003000120,100,100
S002161001000710,100,100
G006561003000420,100,100
G003061006001510,100,100
G000561001000410,100,100
G351161002001420,100,100
G351161002000320,100,100
G065E61005000220,100,100
G006561001000110,100,100
G221161001000620,100,100
G000561006000310,100,100
G351161002000620,100,100
G701161001003110,100,100
G004061002002110,100,100
G701161001002220,100,100
G004061001000210,100,100
G701161002001910,100,100
G007061007000120,100,100
G007061005001020,100,100
G221161001001620,100,100
S003261001000910,100,100
G221161001000320,100,100
G006561007001010,100,100
G007061006002210,100,100
G701161001001620,100,100
G007061006001610,100,100
G691161001001210,100,100
G003061001001120,100,100
G002061003001420,100,100
S002161001000920,100,100
G003061003002620,100,100
S002161001000410,100,100
G221161002001120,100,100
G008561001000920,100,100
G300161001001910,100,100
G065E61001001610,100,100
G351161003001510,100,100
G221161001001420,100,100
G000561003000220,100,100
G006561013000620,100,100
G000561003000520,100,100
G002261001001710,100,100
G004061002001620,100,100
G065E61002000610,100,100
G300161001000320,100,100
G000561001000320,100,100
G006961001000710,100,100
G300161001003410,100,100
G004061001000420,100,100
S003061001000710,100,100
G691161001000510,100,100
G006561013000720,100,100
G351161003001120,100,100
G004061002002010,100,100
G003061001002120,100,100
S002161001000720,100,100
G003061006000810,100,100
G300161001000720,100,100
G030N61001001310,100,100
G008561004000620,100,100
G065E61005001210,100,100
G003061006001310,100,100
G351161003001110,100,100
G221161002000420,100,100
G007061004000320,100,100
G004061001001510,100,100
G007061002001310,100,100
G000561001000310,100,100
G008561004000520,100,100
G351161003002010,100,100
S002861001000310,100,100
G006961001002020,100,100
G003061001000420,100,100
G007061004000410,100,100
G701161001000210,100,100
G181261003001110,100,100
G006561010000220,100,100
S002161001000310,100,100
G030N61001000110,100,100
G002261001001510,100,100
G007061004000520,100,100
G006961001000520,100,100
G006961001000720,100,100
G351161002001220,100,100
G002261001000710,100,100
S101561001000320,100,100
G065W61004000320,100,100
G221161001001320,100,100
G351161002000520,100,100
G006561009000210,100,100
G691161001001010,100,100
G300161001001020,100,100
G181261003000220,100,100
G221161002000610,100,100
G006961002000220,100,100
G221161001001410,100,100
G421361001000610,100,100
G065E61004000110,100,100
G300161001001720,100,100
G006561002000410,100,100
G006561008002120,100,100
G002261001001020,100,100
G065E61005001020,100,100
S002861001000120,100,100
S001561001000410,100,100
G300161001000410,100,100
G007061001000920,100,100
G006561009000220,100,100
G006561006000510,100,100
G065W61004000210,100,100
G065E61006001520,100,100
G006561004000320,100,100
G351161002001210,100,100
G002061001000220,100,100
G065E61004001310,100,100
G701161002003520,100,100
G351161001000720,100,100
G006961001001510,100,100
G004061002001310,100,100
G007061001000810,100,100
G006561007000220,100,100
G003061003001820,100,100
G006561011001220,100,100
G701161001001910,100,100
G002061002001110,100,100
G002061001000510,100,100
G065W61002000710,100,100
G065W61002000520,100,100
G701161001003020,100,100
S002861001000410,100,100
G003061006000920,100,100
G008561002001010,100,100
G006561011000310,100,100
G351161003000210,100,100
G006561009000420,100,100
G000561001000520,100,100
G003061003002210,100,100
G300161001000620,100,100
G006561006000520,100,100
G181261003001610,100,100
G000561001000710,100,100
G000561005001120,100,100
G030N61001002220,100,100
G003061001000610,100,100
G008561001000720,100,100
G351161003000910,100,100
G006961001001420,100,100
G221161002000120,100,100
G002061002000410,100,100
G003061004000110,100,100
S002161001000820,100,100
S002861001000110,100,100
G004061001000320,100,100
S003261001000920,100,100
G003061001000910,100,100
G002061001001010,100,100
G006561005000720,100,100
G065W61004000220,100,100
G003061005000320,100,100
G006561009001010,100,100
G007061004000420,100,100
G065E61001000810,100,100
G006561009000620,100,100
G000561005001320,100,100
G000561001000610,100,100
G004061002000620,100,100
G008561001001220,100,100
G701161002000110,100,100
G006561003000920,100,100
G002261001001820,100,100
G701161001001810,100,100
G003061006000410,100,100
G221161001001820,100,100
G004061001000920,100,100
G181261003000720,100,100
G008561003000810,100,100
G701161001000810,100,100
G000561005000810,100,100
G351161003000120,100,100
G351161003002020,100,100
G006561003000610,100,100
G000561001001710,100,100
G006561008000410,100,100
S003261001000810,100,100
G007061007000110,100,100
G000561001002210,100,100
G065W61002000120,100,100
G701161002001420,100,100
G006561001000710,100,100
G004061001000510,100,100
G006561003001020,100,100
G004061002001210,100,100
G065E61001001120,100,100
G006561009000610,100,100
G006961001001110,100,100
S002761001000220,100,100
G007061004000110,100,100
G701161002000520,100,100
G351161002002410,100,100
G004061002001220,100,100
G351161002002120,100,100
G007061001000220,100,100
G065W61001001520,100,100
G007061001000720,100,100
G008561002001120,100,100
G065E61002000420,100,100
G065E61005001120,100,100
G351161002000910,100,100
G065W61004000310,100,100
G030N61002001810,100,100
G065E61005000620,100,100
G000561004001320,100,100
G181261003000820,100,100
S003061001000510,100,100
S002161001000520,100,100
G003061003001510,100,100
G030N61001001020,100,100
G008561003000210,100,100
G701161002002210,100,100
G002261001000720,100,100
G000561005000820,100,100
G065W61002000320,100,100
G065E61003000520,100,100
G000561001002120,100,100
G000561001001920,100,100
G007061006002320,100,100
S003261001000420,100,100
G300161001000420,100,100
G000561004000920,100,100
G006561008000220,100,100
G351161001000620,100,100
G701161001000720,100,100
G006961001001620,100,100
G006961001001610,100,100
G007061005001310,100,100
G006561003000520,100,100
G000561005000910,100,100
G003061002000610,100,100
G000561001001720,100,100
G701161001003120,100,100
G006961001002010,100,100
G351161003001410,100,100
G351161003000220,100,100
G000561004000610,100,100
G701161001001610,100,100
G006561005000710,100,100
G002261001001220,100,100
G008561002000320,100,100
G006561003000720,100,100
G000561005001620,100,100
G006561005000320,100,100
G000561003000810,100,100
G221161001001520,100,100
G006561010000210,100,100
G351161001000120,100,100
G006961001000820,100,100
G007061006002310,100,100
G065E61004000210,100,100
G003061006000220,100,100
G065W61004000820,100,100
G008561001000310,100,100
G002061001000910,100,100
G065E61002000210,100,100
S002861001000220,100,100
G351161002002520,100,100
G003061006001420,100,100
G691161001000220,100,100
G701161002001710,100,100
S001461001000320,100,100
G065E61006001220,100,100
G007061001000520,100,100
G007061002000410,100,100
G006561001000310,100,100
G221161001000410,100,100
G006561006000610,100,100
G300161001001510,100,100
G003061001000210,100,100
G008561003000820,100,100
G065E61004000120,100,100
G065E61005000310,100,100
G030N61001001110,100,100
G000561004000710,100,100
G351161003001210,100,100
G006561009001220,100,100
G007061006002120,100,100
G004061002000710,100,100
G002261001001010,100,100
G008561002001110,100,100
G000561002000520,100,100
G003061006001210,100,100
G351161002000220,100,100
G701161002001810,100,100
G000561002000310,100,100
G300161001001120,100,100
G221161002000520,100,100
G221161002000920,100,100
G002261001000310,100,100
G006561006001210,100,100
G065W61002001220,100,100
G008561001000820,100,100
G000561005001310,100,100
G003061005000220,100,100
S002161001000420,100,100
G221161002000510,100,100
G002061002000110,100,100
G300161001002320,100,100
G221161001001710,100,100
G030N61001000910,100,100
G006561006000120,100,100
G351161002001020,100,100
G221161002001010,100,100
G003061006000720,100,100
G003061002000210,100,100
S002761001000210,100,100
G421361001000620,100,100
S001561001000710,100,100
S000161001000620,100,100
G006561004000110,100,100
G006561007000810,100,100
G000561004000120,100,100
G065W61001000220,100,100
G006561008002020,100,100
G691161001001110,100,100
G002261001001620,100,100
S000161001000110,100,100
S003261001000410,100,100
G006561005000920,100,100
G002261001000810,100,100
G300161001001410,100,100
G065E61005001110,100,100
G181261003000910,100,100
G000561001000810,100,100
G030N61001000810,100,100
G003061001001220,100,100
G007061006002010,100,100
G300161001000310,100,100
G701161001003010,100,100
G701161001001010,100,100
G065E61002000520,100,100
S002861001000810,100,100
G065E61003000310,100,100
G002261001000410,100,100
G000561001001310,100,100
G006561009000520,100,100
G701161002002320,100,100
G003061004000120,100,100
G701161001001510,100,100
G000561003000410,100,100
S002761001000410,100,100
G007061003000320,100,100
G006561013000910,100,100
G300161001002110,100,100
G006561002000210,100,100
G701161001001710,100,100
G701161001002020,100,100
G002261001001210,100,100
G351161002001610,100,100
G181261003000310,100,100
G181261001000820,100,100
G300161001001320,100,100
G006561010000110,100,100
G065W61002001320,100,100
G006561005000310,100,100
G701161002002010,100,100
G006561007000920,100,100
S003261001000210,100,100
S000161001000320,100,100
G691161001000920,100,100
G065E61005000420,100,100
G000561002000620,100,100
G002261001001920,100,100
G701161001001120,100,100
G003061002000620,100,100
G065E61003000710,100,100
G006561003000320,100,100
G065E61001000110,100,100
G065E61002000320,100,100
G006561003000110,100,100
G181261003001010,100,100
G351161002001620,100,100
G701161001001210,100,100
G000561004000720,100,100
G065E61003000220,100,100
G007061002000510,100,100
G030N61001001220,100,100
G065W61002000720,100,100
G030N61001000610,100,100
G691161001001120,100,100
G008561003001010,100,100
G002261001002110,100,100
G000561003000620,100,100
G007061006001310,100,100
S003061001001020,100,100
G000561001001910,100,100
G701161002000310,100,100
G300161001001810,100,100
G030N61002000320,100,100
G008561001000810,100,100
G181261003001510,100,100
G065E61005001310,100,100
G006561009000510,100,100
G000561007000120,100,100
G007061002001210,100,100
G007061005001510,100,100
G351161001000410,100,100
G003061001000310,100,100
G006561003000910,100,100
S003061001001120,100,100
G006561006000810,100,100
G065E61006001320,100,100
G065E61002000310,100,100
S000161001000220,100,100
G000561003000820,100,100
G065W61002000310,100,100
G003061003001920,100,100
G351161003000920,100,100
G008561002000920,100,100
G006561002000510,100,100
G003061003001420,100,100
G003061003002020,100,100
G065E61005000320,100,100
G065E61001001710,100,100
G006561009001610,100,100
G003061001002320,100,100
G181261001000810,100,100
G006561001000910,100,100
G221161001000210,100,100
G002061002000510,100,100
G221161001000520,100,100
G007061005000710,100,100
G006961001001710,100,100
G006561006001010,100,100
G065E61006000210,100,100
G006561009000720,100,100
G006561006000210,100,100
G065E61002000410,100,100
G006561004000710,100,100
G003061003002120,100,100
G181261003001320,100,100
G007061001001020,100,100
G006561013000210,100,100
G701161001002420,100,100
G300161001001210,100,100
G003061006000320,100,100
G030N61002001620,100,100
G000561005001210,100,100
G030N61001000220,100,100
G003061006000710,100,100
G300161001000920,100,100
G003061003002710,100,100
G003061006001110,100,100
G008561003000620,100,100
G006561013001220,100,100
G007061003000310,100,100
G300161001000910,100,100
G701161002002120,100,100
G007061002000610,100,100
G006561009000910,100,100
G007061003000210,100,100
G002261001002220,100,100
G065E61004001220,100,100
G065W61001000520,100,100
G002261001000620,100,100
G300161001003120,100,100
G003061003002720,100,100
S001461001000420,100,100
G000561005001010,100,100
G002061002000520,100,100
G002261001001420,100,100
G003061002000310,100,100
G181261003001520,100,100
S003061001000620,100,100
G003061006000620,100,100
S003261001001110,100,100
G300161001002910,100,100
G006961001001010,100,100
S003261001000820,100,100
G004061001001210,100,100
G000561005000410,100,100
G000561004000420,100,100
G000561001002020,100,100
G065W61003001220,100,100
G006561002000610,100,100
G002061003000220,100,100
S002761001000110,100,100
G003061003002510,100,100
G181261003000420,100,100
S002161001000510,100,100
G030N61001002020,100,100
G000561001001210,100,100
G065E61005000610,100,100
G000561001001810,100,100
G002261001002120,100,100
G181261001000320,100,100
G065E61004001010,100,100
G351161002002310,100,100
G000561005001520,100,100
G065W61003000910,100,100
G065E61002000920,100,100
S002861001000210,100,100
G000561003000310,100,100
G006561006000110,100,100
G006561005000120,100,100
G065E61006000610,100,100
G701161001002310,100,100
G003061005000420,100,100
G030N61001002510,100,100
G006561011000920,100,100
G181261003001620,100,100
G030N61001002320,100,100
G000561001001510,100,100
G701161001002520,100,100
G004061002000110,100,100
G006961002000510,100,100
G000561003000920,100,100
G003061001000410,100,100
G000561005001420,100,100
G701161001001410,100,100
G701161002000820,100,100
G007061006001220,100,100
S000161001000210,100,100
G065E61002000120,100,100
G030N61001001210,100,100
G701161002002510,100,100
G007061002000120,100,100
G006561005000220,100,100
G006561008000520,100,100
G004061001000610,100,100
G221161001000710,100,100
S002161001000810,100,100
G000561001000220,100,100
G701161001000920,100,100
G002061001000310,100,100
G000561003000120,100,100
G065W61001000410,100,100
G300161001002820,100,100
G065W61004000920,100,100
G006561008001320,100,100
G000561001001820,100,100
G006561012000110,100,100
G065E61001000710,100,100
G065W61003000120,100,100
G300161001002720,100,100
G004061002001120,100,100
G701161001003220,100,100
G002061003001120,100,100
G006561011000120,100,100
G030N61002001610,100,100
G000561001001010,100,100
G006561001000410,100,100
G004061002001910,100,100
G065E61006000520,100,100
G006561009001310,100,100
G002061003000920,100,100
G065E61001000320,100,100
G007061004000310,100,100
G701161002002720,100,100
S003261001001010,100,100
G006961001002110,100,100
G181261001000620,100,100
G065E61002000720,100,100
G004061002000910,100,100
G065E61006001420,100,100
G007061001000310,100,100
G300161001003020,100,100
G002061003000820,100,100
G701161001000820,100,100
G002261001000210,100,100
G065W61002000510,100,100
G008561002000610,100,100
S002761001000620,100,100
G006561006001110,100,100
G701161001001020,100,100
G065W61003000220,100,100
G004061002000510,100,100
S101561001000120,100,100
G000561005000320,100,100
G008561001001120,100,100
G004061001001220,100,100
G006561011000710,100,100
G007061001001120,100,100
G003061006000610,100,100
G002261001002210,100,100
G065W61001000610,100,100
G065E61005000910,100,100
G007061006001420,100,100
G007061002000820,100,100
G000561005000310,100,100
G065E61005000110,100,100
G003061003002010,100,100
G000561004000910,100,100
G004061001001410,100,100
G003061003001810,100,100
G006561011000910,100,100
S001461001000210,100,100
G006561008002210,100,100
G065E61004001020,100,100
G006561005000410,100,100
G002061003000910,100,100
G006561013001420,100,100
G351161002002210,100,100
G000561001002220,100,100
G691161001000110,100,100
G065W61001001020,100,100
G065W61003001420,100,100
G002061003001110,100,100
G065E61001000310,100,100
G000561002000810,100,100
G181261003001310,100,100
G065E61003000320,100,100
G003061003001610,100,100
G006561006001420,100,100
G006561009000110,100,100
G221161002000310,100,100
S002161001000110,100,100
G002261001002420,100,100
G003061006001520,100,100
G065E61006000120,100,100
S000161001000810,100,100
G002061002000920,100,100
G300161001000810,100,100
G000561004001010,100,100
G000561005001410,100,100
G006561009000120,100,100
G701161002000320,100,100
G351161003000820,100,100
G701161001003210,100,100
G181261003001420,100,100
G003061001001810,100,100
G004061001001520,100,100
G002261001002010,100,100
G006561011000420,100,100
G006561007000720,100,100
G000561005000510,100,100
G691161001000420,100,100
S002161001000910,100,100
G065E61004000720,100,100
G006561002000320,100,100
G065E61005000410,100,100
G006561005000910,100,100
G003061003002220,100,100
G701161002001320,100,100
G002061001001020,100,100
G006561006001310,100,100
G006561003000410,100,100
G065W61002001520,100,100
G000561002000420,100,100
G701161002002620,100,100
G065E61003000720,100,100
G000561005000710,100,100
G007061005000720,100,100
G006561004000310,100,100
G065E61001001310,100,100
G006561007000610,100,100
G300161001000210,100,100
S003061001000420,100,100
G701161002000610,100,100
G003061003000720,100,100
G065E61004001410,100,100
G351161001000320,100,100
G065W61002002020,100,100
G008561003000910,100,100
G008561001000420,100,100
G300161001003420,100,100
G006561012000220,100,100
G000561006000120,100,100
G065E61002000810,100,100
G004061002001410,100,100
G030N61001000120,100,100
G003061006001620,100,100
G002261001002410,100,100
G000561001000910,100,100
G004061002000310,100,100
G004061002001810,100,100
G006561013001410,100,100
G006961001000920,100,100
G300161001000220,100,100
G002061003000110,100,100
G000561006000620,100,100
G007061006001320,100,100
G002061003000620,100,100
G004061002001320,100,100
G065E61001000620,100,100
G065W61001001710,100,100
G065E61006000110,100,100
G065W61003000520,100,100
G007061003000420,100,100
G000561003000110,100,100
G030N61001001410,100,100
G006561008002310,100,100
G007061001000410,100,100
G065E61004000620,100,100
G008561004000610,100,100
G003061003002610,100,100
G701161002000620,100,100
G065E61006001410,100,100
G065W61003000320,100,100
G008561004000510,100,100
G006961001001210,100,100
G065E61002001020,100,100
G006561009001410,100,100
G003061002000420,100,100
G006561001000520,100,100
G002261001001910,100,100
G000561005001220,100,100
G065W61002000420,100,100
G003061001000710,100,100
G701161001002920,100,100
G000561002000120,100,100
G701161002001220,100,100
S003061001001220,100,100
G065E61005000210,100,100
G002261001000610,100,100
G065W61002001420,100,100
G006561013000510,100,100
G003061006001020,100,100
G030N61001000710,100,100
S001561001000610,100,100
G000561002000820,100,100
G065W61002000610,100,100
G006561008002220,100,100
G007061002001120,100,100
S001461001000310,100,100
G701161001001820,100,100
G003061006001010,100,100
G000561004001220,100,100
G004061002000520,100,100
G000561001002310,100,100
G701161001001520,100,100
G006561008000310,100,100
G004061001000910,100,100
G007061002000310,100,100
G002061001000320,100,100
G351161003001310,100,100
G006561007000510,100,100
G006561013001210,100,100
G221161001000720,100,100
G006561003000510,100,100
G065W61003000710,100,100
G065E61006000510,100,100
G701161002002820,100,100
G065E61006001110,100,100
G008561003000220,100,100
S002161001000320,100,100
G006561005000820,100,100
G006561009000920,100,100
G006561011000220,100,100
G006561001000920,100,100
G004061002000720,100,100
G300161001002710,100,100
G221161001000910,100,100
G007061002000420,100,100
G006561011000510,100,100
G002061001000520,100,100
G300161001003210,100,100
G065W61003001610,100,100
G065E61004000510,100,100
G701161001000910,100,100
G004061001001110,100,100
S003061001000210,100,100
G701161001000310,100,100
G007061004000220,100,100
G030N61001001820,100,100
G004061001000220,100,100
G003061003000510,100,100
G701161001001720,100,100
G006561004000620,100,100
S002161001000220,100,100
G003061002000120,100,100
G181261001000710,100,100
G065W61002000110,100,100
G006961002000210,100,100
G007061005000510,100,100
G065E61001000610,100,100
S101561001000510,100,100
G065E61001000210,100,100
G006561007000710,100,100
G065E61003000620,100,100
G006561011000620,100,100
S101561001000310,100,100
G181261003000920,100,100
G691161001000720,100,100
G065E61001000410,100,100
G065E61003000420,100,100
G065W61002001310,100,100
G003061001001510,100,100
G008561001000320,100,100
G701161002000910,100,100
G691161001000520,100,100
G008561002000210,100,100
G351161003001220,100,100
G300161001001310,100,100
G003061007000310,100,100
G000561004001310,100,100
S003061001001210,100,100
G006561006000620,100,100
G008561003000110,100,100
S002761001000910,100,100
G300161001001610,100,100
G065W61003000820,100,100
G006561011000110,100,100
G000561003000210,100,100
G003061007000320,100,100
G351161003000110,100,100
G701161002002710,100,100
G004061001000110,100,100
G004061002002120,100,100
G421361001000710,100,100
G007061002000910,100,100
G008561001001410,100,100
G065E61004000920,100,100
G004061001000410,100,100
G004061001001420,100,100
G002061003000210,100,100
G000561001001520,100,100
G008561001000610,100,100
S003261001000120,100,100
G065W61004000410,100,100
S002161001000120,100,100
G065W61002000820,100,100
G030N61001001420,100,100
G003061003001910,100,100
G002261001001410,100,100
G221161001001110,100,100
G007061005000620,100,100
G006561008002320,100,100
G351161003000610,100,100
G030N61001000920,100,100
G000561002000510,100,100
G003061007000110,100,100
G300161001001710,100,100
G002061001000620,100,100
G351161003000710,100,100
G000561002000720,100,100
G003061003002520,100,100
G006561007000910,100,100
G007061005001420,100,100
G006561008001310,100,100
G065E61005001320,100,100
G701161002002410,100,100
G065E61006001620,100,100
S003061001000110,100,100
G004061001000620,100,100
G006561011000410,100,100
G065E61004001210,100,100
G701161002002520,100,100
G003061003000110,100,100
G065W61003001210,100,100
G065W61001001420,100,100
G065W61001000120,100,100
S101561001000210,100,100
G030N61001001120,100,100
G002261001002320,100,100
G006561009001520,100,100
G000561002000220,100,100
G065E61004000910,100,100
G065E61004001120,100,100
G030N61001002110,100,100
G030N61001001710,100,100
G701161002000810,100,100
S000161001000310,100,100
G003061001001710,100,100
G004061002000210,100,100
G003061001001410,100,100
G006561009001210,100,100
G006561009000320,100,100
G000561004000520,100,100
G221161001001220,100,100
G181261003000810,100,100
G065E61006000920,100,100
S003061001000810,100,100
S101561001000520,100,100
G008561001000620,100,100
G006561003000710,100,100
G002061003000520,100,100
G065W61003001620,100,100
G065E61005001220,100,100
G065E61006000620,100,100
G008561004000420,100,100
G006561011000320,100,100
G000561002000320,100,100
G300161001000610,100,100
G065W61002001110,100,100
G065W61001001210,100,100
G003061001000820,100,100
G351161003000810,100,100
G221161001001310,100,100
G004061001000720,100,100
G002061003000510,100,100
G002261001001720,100,100
G701161001002010,100,100
G701161002001120,100,100
G065E61001000520,100,100
G351161002002010,100,100
G007061003000120,100,100
S003261001000520,100,100
G003061001001420,100,100
G006561009000820,100,100
S003261001001120,100,100
G701161002001110,100,100
G006961001000420,100,100
G002061002000310,100,100
G181261001000410,100,100
G003061001001720,100,100
S003261001000620,100,100
G030N61001000410,100,100
S003061001000820,100,100
G008561002000910,100,100
G351161002000920,100,100
G221161001000310,100,100
G065W61002001510,100,100
G065W61004000120,100,100
G065W61001001620,100,100
G007061002000810,100,100
S101561001000420,100,100
G006561008002010,100,100
G006561002001020,100,100
S000161001000510,100,100
G421361001000320,100,100
G000561001002010,100,100
G000561005000620,100,100
G002261001000110,100,100
G006961002000420,100,100
G004061001000810,100,100
G006561013000920,100,100
S003061001000310,100,100
G004061002001110,100,100
G007061006001910,100,100
G000561001001110,100,100
G000561001001220,100,100
G006561004000220,100,100
S003061001000920,100,100
G421361001000220,100,100
G351161002002110,100,100
G065W61001000710,100,100
G006561002000420,100,100
G006561005000510,100,100
G065E61002000820,100,100
G006561006001320,100,100
G181261001000520,100,100
G000561003000610,100,100
G351161002002510,100,100
G351161002001310,100,100
G221161002000220,100,100
G300161001002220,100,100
G006561013000410,100,100
G006561003000310,100,100
G701161002000710,100,100
G008561002000410,100,100
G065E61001001510,100,100
G006561007001110,100,100
G006561007000620,100,100
S000161001000820,100,100
G701161001001310,100,100
S002761001000320,100,100
G065E61004001110,100,100
G006561013000220,100,100
G065E61005000520,100,100
G300161001001110,100,100
G065W61003000210,100,100
G003061001000720,100,100
G065W61003001310,100,100
G351161003001520,100,100
G701161002000220,100,100
G006561008002110,100,100
G181261001000610,100,100
G004061002001020,100,100
G008561004000310,100,100
G004061002001710,100,100
G000561004001110,100,100
G065W61001001610,100,100
G003061001002310,100,100
G065E61006000910,100,100
G006561007000310,100,100
G002061002000810,100,100
G000561006000410,100,100
G003061006000510,100,100
S101561001000410,100,100
S003061001000410,100,100
G000561001000820,100,100
G004061001000820,100,100
G065E61001000120,100,100
G300161001001920,100,100
G221161001000610,100,100
G181261003000610,100,100
G006561004000410,100,100
G007061005001220,100,100
G002061002000220,100,100
G351161002000720,100,100
G221161001001810,100,100
G006561007000210,100,100
G221161002000620,100,100
G300161001003310,100,100
G351161002002420,100,100
G300161001002620,100,100
G006561013001020,100,100
G006961001000120,100,100
G065E61001001010,100,100
G065W61001001110,100,100
G065E61004000520,100,100
G006561011001210,100,100
G006561005000420,100,100
G007061002000720,100,100
G181261001000220,100,100
G000561004000510,100,100
G006561004000610,100,100
G006561001000510,100,100
G300161001002210,100,100
G002061003001210,100,100
G065E61006001510,100,100
G300161001002410,100,100
G006561009000310,100,100
G030N61001002410,100,100
G006561013001310,100,100
G003061006000120,100,100
G002061003001220,100,100
G002261001002020,100,100
G351161002000610,100,100
G065W61001000110,100,100
G701161002001820,100,100
G002061003000420,100,100
G181261003000320,100,100
G006961001002120,100,100
G701161001001920,100,100
G008561002000810,100,100
G065W61004000710,100,100
G351161001000110,100,100
G181261003001410,100,100
G065W61004000910,100,100
G003061007000210,100,100
G300161001000520,100,100
G006561002000310,100,100
G065E61004000420,100,100
G065W61001001310,100,100
G006561002000110,100,100
S003061001000610,100,100
G691161001000120,100,100
S000161001000710,100,100
G065W61002000910,100,100
G351161002001110,100,100
G002061002001020,100,100
G003061001000320,100,100
G065W61002000220,100,100
S001461001000410,100,100
G006961001001820,100,100
G006561011000210,100,100
G065W61003000720,100,100
G691161001000810,100,100
G221161002000320,100,100
G065E61004000410,100,100
S001561001000220,100,100
S001561001000310,100,100
G300161001002520,100,100
S003061001000320,100,100
G181261001000420,100,100
G002061003000310,100,100
G221161001000810,100,100
G006561009000410,100,100
G065E61004000710,100,100
G000561005001020,100,100
G004061001001310,100,100
G221161001001120,100,100
G006561013001120,100,100
G006561013000310,100,100
G007061005001320,100,100
G002261001000520,100,100
G007061005001010,100,100
G007061002000620,100,100
S001461001000220,100,100
G000561001000510,100,100
G004061002000420,100,100
G065W61001001220,100,100
G000561001002110,100,100
G006561005000610,100,100
G701161002000420,100,100
G351161003001420,100,100
G008561003000410,100,100
S003061001001010,100,100
G008561003000510,100,100
G351161001000420,100,100
G006561002000810,100,100
G007061002000220,100,100
G000561006000110,100,100
G008561002000520,100,100
G006961001000910,100,100
G181261003000710,100,100
G006561011000720,100,100
G065W61001000720,100,100
S002861001000420,100,100
G300161001001520,100,100
G006561014000120,100,100
G701161002001020,100,100
G181261003001020,100,100
G002061003001010,100,100
G006561001000810,100,100
G003061003002320,100,100
G030N61001000720,100,100
G030N61001002420,100,100
G006561001000220,100,100
G008561004000220,100,100
G421361001000820,100,100
G000561005001610,100,100
G006561007000410,100,100
G002061002000910,100,100
G181261003000620,100,100
G000561001001420,100,100
G701161001000320,100,100
G000561005000210,100,100
G003061005000210,100,100
G007061001000420,100,100
G065W61003001110,100,100
G003061003002420,100,100
G000561002000610,100,100
G221161001001010,100,100
G701161002001720,100,100
G007061007000220,100,100
G002061002000610,100,100
G003061007000220,100,100
G181261001000720,100,100
G006961001002210,100,100
G000561001001410,100,100
G300161001000710,100,100
G065E61004000610,100,100
G030N61001000820,100,100
G003061004000210,100,100
G006561002000720,100,100
G006561004000520,100,100
G300161001002610,100,100
G008561001001210,100,100
G008561004000410,100,100
G006561012000210,100,100
G006561003000820,100,100
G002061001000720,100,100
G000561006000510,100,100
G002261001001520,100,100
G006561001000820,100,100
G421361001000210,100,100
G701161001001220,100,100
G000561004000110,100,100
G351161003000720,100,100
G221161002000910,100,100
G030N61001002210,100,100
G701161001000620,100,100
G008561002000110,100,100
G006961002000520,100,100
G221161001000920,100,100
G008561001001310,100,100
G065W61002001020,100,100
G221161002000410,100,100
G065W61003001010,100,100
G701161002001520,100,100
G002061003001320,100,100
G000561001000620,100,100
G000561006000320,100,100
G030N61002000210,100,100
G000561006000610,100,100
G006961001001520,100,100
G065E61005000510,100,100
G008561001001110,100,100
G421361001000920,100,100
G065E61005000120,100,100
G065W61002002010,100,100
G004061002000920,100,100
G007061005001520,100,100
G030N61001000620,100,100
G002061003001410,100,100
G181261003000120,100,100
G701161001002120,100,100
G030N61002000310,100,100
G006561006000420,100,100
G003061006000210,100,100
G000561001001120,100,100
S003061001000910,100,100
G065E61001001320,100,100
G065W61004000420,100,100
G007061002001320,100,100
G008561001000520,100,100
G002061002000210,100,100
G300161001002020,100,100
G701161001000610,100,100
G351161002001910,100,100
G003061006000520,100,100
G002061002000820,100,100
G065W61003001510,100,100
G006561007000120,100,100
G006961001001410,100,100
G065W61003000110,100,100
G351161001000310,100,100
G065E61006000710,100,100
G300161001002010,100,100
G000561003000910,100,100
G006961001000320,100,100
G003061006001220,100,100
G003061005000520,100,100
G006561006000410,100,100
S002761001000920,100,100
G181261003000510,100,100
G701161002001920,100,100
